goal_data$date,goalPreviousStep1,goal13Completions,goal17Completions
2020-03-01,/blog/why-learn-coding/coding-guide-download/,0,0
2020-03-01,/,0,0
2020-03-01,(entrance),0,0
2020-03-01,(entrance),0,0
2020-03-01,/courses/professional-software-development/,1,0
2020-03-02,/courses/data-analysis/info-pack/,0,0
2020-03-02,(not set),0,0
2020-03-02,/courses/professional-software-development/,2,0
2020-03-03,/courses/data-analysis/case-study/,0,0
2020-03-03,(entrance),2,0
2020-03-03,/courses/python-for-developers/,0,0
2020-03-03,/courses/data-courses/,0,2
2020-03-03,/courses/data-analysis/info-pack/,0,1
2020-03-03,/glasgow/,0,0
2020-03-03,/courses/data-analysis/info-pack/,0,1
2020-03-04,/courses/professional-software-development/,0,0
2020-03-04,/courses/professional-software-development/,1,0
2020-03-04,/courses/professional-software-development/,0,0
2020-03-04,/courses/data-analysis/info-pack/,0,1
2020-03-04,/courses/professional-software-development/,1,0
2020-03-04,/courses/edaid-apply/,0,1
2020-03-05,/courses/professional-software-development/,0,0
2020-03-05,(not set),1,0
2020-03-05,(entrance),0,1
2020-03-05,(entrance),0,0
2020-03-05,(entrance),0,0
2020-03-06,(entrance),0,0
2020-03-06,/courses/data-analysis/,1,0
2020-03-06,/,1,1
2020-03-06,/,0,1
2020-03-07,/courses/professional-software-development/,0,0
2020-03-07,/blog/find-inspiration-kats-student-project/,0,1
2020-03-08,/courses/data-analysis/,0,0
2020-03-08,/for-employers/hire-with-codeclan/,0,0
2020-03-09,/courses/professional-software-development/,0,0
2020-03-09,/courses/professional-software-development/apply/,0,0
2020-03-09,(entrance),0,1
2020-03-09,/,0,1
2020-03-09,/digital-careers/,0,0
2020-03-10,/courses/professional-software-development/,0,0
2020-03-10,/courses/data-analysis/info-pack/,0,0
2020-03-10,/courses/data-analysis/apply/,0,1
2020-03-10,/courses/professional-software-development/,0,0
2020-03-11,/the-codeclan-experience/the-alumni/,3,0
2020-03-11,/,0,0
2020-03-11,(not set),2,1
2020-03-12,/courses/professional-software-development/,0,0
2020-03-12,/data-protection/,0,0
2020-03-12,/courses/professional-software-development/,0,1
2020-03-12,/blog/what-is-javascript-and-why-learn-it/,0,0
2020-03-12,/courses/data-analysis/info-pack/,1,0
2020-03-13,/courses/data-analysis/,0,0
2020-03-13,/courses/data-analysis/,0,0
2020-03-13,(entrance),0,0
2020-03-14,(entrance),1,0
2020-03-14,/courses/data-analysis/admissions@codeclan.com,1,1
2020-03-14,/,0,0
2020-03-15,(entrance),0,0
2020-03-15,/courses/professional-software-development/,0,0
2020-03-16,/courses/web-development/,0,0
2020-03-16,/,1,0
2020-03-16,/glasgow/,0,0
2020-03-17,/enquire/,1,0
2020-03-17,/,0,2
2020-03-18,(entrance),0,0
2020-03-18,/courses/professional-software-development/,0,0
2020-03-19,(entrance),0,0
2020-03-19,/courses/professional-software-development/,0,1
2020-03-21,/courses/professional-software-development/,0,2
2020-03-22,/courses/professional-software-development/,0,0
2020-03-22,/courses/professional-software-development/,1,0
2020-03-22,/courses/web-development/,1,0
2020-03-23,(entrance),0,1
2020-03-23,/events/,0,0
2020-03-23,/courses/professional-software-development/,0,0
2020-03-23,/blog/our-guide-to-funding-our-full-time-courses/,0,0
2020-03-23,/courses/data-analysis/info-pack/,0,0
2020-03-23,(entrance),0,1
2020-03-24,/about-us/,0,0
2020-03-24,/courses/professional-software-development/,0,0
2020-03-24,/edinburgh/,1,0
2020-03-24,/courses/web-development/,0,0
2020-03-24,/events/,0,1
2020-03-24,/courses/professional-software-development/,0,0
2020-03-25,/courses/data-analysis/info-pack/,0,0
2020-03-25,/blog/,0,0
2020-03-25,(entrance),0,0
2020-03-26,/courses/learn-javascript/,0,0
2020-03-26,/courses/professional-software-development/,0,0
2020-03-26,/courses/data-analysis/info-pack/,0,0
2020-03-26,/blog/weve-teamed-up-with-lloyds-banking-group-to-drive-diversity-in-the-tech-industry/,1,0
2020-03-27,/courses/data-analysis/info-pack/,0,0
2020-03-27,/courses/professional-software-development/,0,0
2020-03-27,/courses/professional-software-development/,0,2
2020-03-28,/courses/data-analysis/,0,0
2020-03-28,/courses/managing-growth-with-agile/,1,0
2020-03-28,(entrance),0,1
2020-03-28,/courses/professional-software-development/,0,0
2020-03-29,/campuses/highlands/,0,0
2020-03-29,/courses/data-analysis/info-pack/,2,0
2020-03-30,(not set),0,0
2020-03-30,(entrance),0,1
2020-03-30,/courses/python-for-data-analysis/,0,0
2020-03-30,(entrance),0,1
2020-03-31,/,0,1
2020-03-31,/data-protection/,0,0
2020-03-31,/courses/data-analysis/info-pack/,0,0
2020-03-31,/courses/data-analysis/info-pack/,0,0
2020-03-31,/,0,1
2020-04-01,/courses/,0,0
2020-04-01,/glasgow/,0,0
2020-04-01,/courses/professional-software-development/,0,1
2020-04-01,(entrance),0,0
2020-04-02,/courses/data-analysis/,0,0
2020-04-02,/,0,0
2020-04-02,/summer-school-2020/,1,0
2020-04-02,/events/,0,0
2020-04-02,/courses/python-for-data-analysis/,0,0
2020-04-03,/courses/data-analysis/,0,0
2020-04-03,/events/,0,0
2020-04-03,(entrance),0,1
2020-04-03,/enquire/,0,1
2020-04-03,(entrance),0,0
2020-04-04,(entrance),0,1
2020-04-04,/courses/data-analysis/info-pack/,1,1
2020-04-04,/events/?preview_id=19875&preview_nonce=0b17fe9b56&preview=true,0,0
2020-04-04,/courses/professional-software-development/,1,0
2020-04-04,/courses/professional-software-development/,1,0
2020-04-05,/courses/data-analysis/info-pack/,0,0
2020-04-05,/courses/professional-software-development/,0,0
2020-04-05,/courses/thank-you-for-joining-our-understanding-programming-course/,1,1
2020-04-05,(entrance),0,0
2020-04-06,/courses/professional-software-development/,0,1
2020-04-06,/courses/edaid-apply/,0,0
2020-04-06,/,0,1
2020-04-06,/webinars/?preview_id=19875&preview_nonce=42afd295c3&preview=true,0,1
2020-04-07,/events/?preview_id=19875&preview_nonce=470e18f404&preview=true,0,0
2020-04-07,/courses/professional-software-development/,1,1
2020-04-08,/courses/professional-software-development/apply/,0,0
2020-04-08,/glasgow/,0,0
2020-04-08,/courses/data-analysis/,0,1
2020-04-08,/courses/professional-software-development/,0,0
2020-04-08,/courses/professional-software-development/,1,1
2020-04-08,/courses/professional-software-development/curriculum/,0,0
2020-04-08,(entrance),1,0
2020-04-08,/coronavirus/?fbclid=IwAR1vU6sALuuToMgwASODWoSW2hH6QM_z_L44hW0gySfLBf3AlSESsdSga-o,0,0
2020-04-09,(entrance),0,0
2020-04-09,/edinburgh/,0,0
2020-04-09,/,0,0
2020-04-10,/edinburgh/,0,0
2020-04-10,(entrance),1,0
2020-04-11,/courses/data-analysis/,0,0
2020-04-11,/courses/professional-software-development/?ct=t(psdpush)&mc_cid=d5b386e77e&mc_eid=42abc487c2,1,0
2020-04-12,(entrance),0,0
2020-04-12,/webinars/?elementor-preview=19875&ver=1589446161,1,1
2020-04-13,/glasgow/,0,0
2020-04-13,/courses/professional-software-development/,0,1
2020-04-13,(entrance),0,0
2020-04-13,/courses/professional-software-development/,0,0
2020-04-13,/courses/data-analysis/info-pack/,0,0
2020-04-13,(entrance),0,0
2020-04-13,/courses/data-analysis/info-pack/,0,0
2020-04-13,/courses/professional-software-development/?ct=t(psdpush)&mc_cid=d5b386e77e&mc_eid=674a215613,0,0
2020-04-13,(entrance),0,0
2020-04-14,/,1,0
2020-04-14,(entrance),0,1
2020-04-14,/courses/professional-software-development/,0,2
2020-04-14,/courses/edaid-apply/,0,0
2020-04-14,/courses/professional-software-development/,0,0
2020-04-14,/courses/thank-you-for-joining-our-understanding-programming-course/,0,0
2020-04-14,(entrance),0,0
2020-04-14,/courses/professional-software-development/,0,2
2020-04-15,(entrance),0,0
2020-04-15,/courses/data-analysis/,0,0
2020-04-15,/,0,0
2020-04-15,/glasgow/,0,0
2020-04-15,/courses/professional-software-development/,0,0
2020-04-15,/courses/data-analysis/info-pack/,1,0
2020-04-16,(entrance),0,0
2020-04-16,(entrance),0,1
2020-04-16,/courses/professional-software-development/,0,1
2020-04-16,(entrance),0,0
2020-04-17,/courses/16-week-course/apply/,0,2
2020-04-17,/enquire/,0,0
2020-04-18,/,0,1
2020-04-18,/edinburgh/,1,0
2020-04-19,(entrance),0,1
2020-04-19,/,1,1
2020-04-20,/,1,0
2020-04-20,/courses/thank-you-data-analysis-application/,0,0
2020-04-21,/courses/professional-software-development/,0,0
2020-04-21,/funding/,0,0
2020-04-21,(entrance),0,0
2020-04-21,/courses/professional-software-development/,0,0
2020-04-22,/courses/professional-software-development/,0,1
2020-04-22,/courses/data-analysis/info-pack/,0,0
2020-04-22,/,0,1
2020-04-22,/courses/professional-software-development/,1,0
2020-04-23,/courses/data-analysis/thank-you-data-pack-download/,0,0
2020-04-23,/courses/data-analysis/info-pack/,0,0
2020-04-23,(entrance),0,0
2020-04-23,/courses/data-analysis/,0,0
2020-04-23,/funding/,1,0
2020-04-24,/courses/professional-software-development/,0,1
2020-04-24,(not set),0,1
2020-04-24,/,0,0
2020-04-24,/funding/,0,0
2020-04-25,/,1,0
2020-04-25,/courses/professional-software-development/,0,0
2020-04-25,/courses/professional-software-development/,0,0
2020-04-26,/courses/data-analysis/info-pack/,0,1
2020-04-26,/courses/edaid-apply/data/data_analysis_application_2,0,0
2020-04-26,/,0,0
2020-04-27,/enquire/,0,1
2020-04-27,/for-employers,1,2
2020-04-27,/courses/data-analysis/info-pack/,0,0
2020-04-27,/courses/professional-software-development/,0,1
2020-04-27,/enquire/,0,1
2020-04-27,/,0,0
2020-04-28,/,0,1
2020-04-28,/courses/data-analysis/info-pack/,0,0
2020-04-28,/courses/professional-software-development/,0,1
2020-04-28,/courses/professional-software-development/,0,0
2020-04-28,/courses/professional-software-development/,0,0
2020-04-28,/Edinburgh/,0,0
2020-04-28,/courses/professional-software-development/,0,0
2020-04-29,(entrance),0,1
2020-04-29,/courses/professional-software-development/curriculum/,2,0
2020-04-29,(entrance),0,0
2020-04-29,(entrance),0,0
2020-04-30,/courses/data-analysis/,3,0
2020-04-30,/courses/professional-software-development/,0,0
2020-04-30,/webinars/,0,0
2020-04-30,/courses/data-analysis/info-pack/,0,0
2020-04-30,(entrance),0,0
2020-05-01,/webinars/?elementor-preview=19875&ver=1589446161,1,1
2020-05-01,/courses/professional-software-development/?ct=t(Virtual+Learning+Experience+Update)&mc_cid=345c4ed3c2&mc_eid=[UNIQID],0,0
2020-05-01,(entrance),0,1
2020-05-01,/,0,0
2020-05-02,/glasgow/,0,0
2020-05-02,/courses/professional-software-development/,0,0
2020-05-02,(entrance),0,1
2020-05-02,/courses/data-analysis/,0,0
2020-05-02,/courses/professional-software-development/,0,0
2020-05-03,/pre-course-work/,0,0
2020-05-03,(entrance),0,0
2020-05-03,(entrance),0,0
2020-05-03,/courses/data-analysis/,1,0
2020-05-04,/courses/professional-software-development/,1,0
2020-05-04,/courses/professional-software-development/,0,0
2020-05-04,(entrance),0,0
2020-05-04,/courses/data-analysis/info-pack/,0,0
2020-05-04,(entrance),0,0
2020-05-04,/events/,1,0
2020-05-04,/courses/professional-software-development/,0,1
2020-05-05,/,0,0
2020-05-05,/courses/data-analysis/,0,1
2020-05-05,(not set),1,0
2020-05-05,(entrance),0,0
2020-05-05,(entrance),1,0
2020-05-05,(entrance),0,0
2020-05-06,/courses/professional-software-development/,1,2
2020-05-06,/Glasgow/,0,1
2020-05-06,/courses/professional-software-development/,0,0
2020-05-06,/webinars/,1,0
2020-05-07,/,0,0
2020-05-07,(entrance),0,0
2020-05-07,/courses/edaid-apply/,0,0
2020-05-07,/courses/professional-software-development/,0,0
2020-05-07,/courses/data-analysis/info-pack/,0,2
2020-05-07,/courses/professional-software-development/,0,2
2020-05-07,/courses/data-analysis/info-pack/,1,0
2020-05-08,/,0,0
2020-05-08,/courses/thank-you-data-analysis-application/?elementor-preview=18239&ver=1586351812,2,1
2020-05-08,/,0,0
2020-05-08,/courses/professional-software-development/,0,0
2020-05-09,/courses/managing-data-business-students/,0,0
2020-05-09,/courses/edaid-apply/,0,0
2020-05-09,/courses/thank-you-data-analysis-application/,0,0
2020-05-09,/courses/professional-software-development/,0,0
2020-05-09,/edinburgh/,0,0
2020-05-10,/courses/professional-software-development/,0,1
2020-05-10,/the-codeclan-experience/the-alumni/,0,0
2020-05-10,(entrance),0,1
2020-05-10,/enquire/,0,0
2020-05-11,/,0,0
2020-05-11,/courses/professional-software-development/,0,1
2020-05-11,(entrance),0,0
2020-05-11,/courses/professional-software-development/,0,1
2020-05-11,/courses/professional-software-development/,0,1
2020-05-11,/enquire/,0,0
2020-05-11,/courses/professional-software-development/,0,0
2020-05-11,/courses/professional-software-development/,0,1
2020-05-11,/courses/data-analysis/info-pack/,1,0
2020-05-12,/enquire/,2,0
2020-05-12,/,0,0
2020-05-12,/courses/data-analysis/info-pack/,0,0
2020-05-12,/,0,0
2020-05-12,/courses/thank-you-data-analysis-application/,0,0
2020-05-12,/blog/,0,0
2020-05-13,/courses/professional-software-development/,0,0
2020-05-13,(entrance),0,1
2020-05-13,/courses/professional-software-development/curriculum/,0,0
2020-05-13,(entrance),0,0
2020-05-13,/blog/7-reasons-to-study-data-analysis-at-codeclan/,1,0
2020-05-13,(entrance),0,1
2020-05-13,/events/?elementor-preview=19875&ver=1593788354,0,0
2020-05-13,/,0,0
2020-05-13,/courses/data-analysis/info-pack/,0,0
2020-05-13,/,0,1
2020-05-14,(entrance),0,0
2020-05-14,/,1,0
2020-05-14,/courses/professional-software-development/,0,0
2020-05-14,/,1,1
2020-05-14,/courses/web-development/,0,1
2020-05-14,(entrance),0,0
2020-05-14,/courses/data-analysis/apply/,0,1
2020-05-14,/courses/,1,1
2020-05-14,/courses/professional-software-development/,0,0
2020-05-14,/courses/data-analysis/info-pack/,0,0
2020-05-14,/blog/what-is-javascript-and-why-learn-it/,0,1
2020-05-15,/,0,1
2020-05-15,/,0,1
2020-05-15,(entrance),0,0
2020-05-15,/digital-careers/software-developer/,0,3
2020-05-15,(entrance),0,0
2020-05-15,/courses/data-courses/,0,0
2020-05-15,/,0,0
2020-05-16,/courses/professional-software-development/,0,1
2020-05-16,/courses/managing-growth-with-agile/,0,0
2020-05-16,(entrance),0,0
2020-05-16,/blog/,0,0
2020-05-16,(entrance),0,0
2020-05-16,/courses/professional-software-development/?fbclid=IwAR3ENef8LWqZorhIArYdaNQTjpOT10d3LW93ZopI3QoPDdwxkDl58zFuN6o,0,0
2020-05-16,/enquire/,0,1
2020-05-16,(entrance),0,0
2020-05-16,(not set),1,1
2020-05-17,/digital-careers/software-developer/,0,0
2020-05-17,(entrance),0,0
2020-05-17,(entrance),1,1
2020-05-17,/courses/managing-growth-with-agile/?ct=t(short+courses+uk)&mc_cid=9e22d3be4a&mc_eid=[UNIQID],0,0
2020-05-18,/courses/professional-software-development/apply/,0,0
2020-05-18,(not set),0,1
2020-05-18,/events/,0,0
2020-05-18,/,0,1
2020-05-18,/courses/data-analysis/,0,0
2020-05-18,(entrance),0,1
2020-05-18,(entrance),1,2
2020-05-18,/courses/professional-software-development/,1,0
2020-05-18,/glasgow/,0,0
2020-05-19,/courses/professional-software-development/,0,1
2020-05-19,/enquire/,0,0
2020-05-19,/courses/data-analysis/,0,0
2020-05-19,/coronavirus/,1,0
2020-05-19,/courses/data-analysis/,0,0
2020-05-19,/courses/professional-software-development/,1,0
2020-05-19,/campuses/highlands/,0,1
2020-05-19,(entrance),1,0
2020-05-19,/courses/professional-software-development/,0,0
2020-05-20,/courses/edaid-apply/,0,0
2020-05-20,/coronavirus/,0,0
2020-05-20,(not set),1,0
2020-05-20,/courses/professional-software-development/,0,0
2020-05-20,/courses/professional-software-development/,1,1
2020-05-20,/courses/managing-growth-with-agile/?ct=t(short+courses+uk)&mc_cid=9e22d3be4a&mc_eid=[UNIQID],0,0
2020-05-20,/courses/professional-software-development/,0,0
2020-05-21,/courses/data-analysis/thank-you-data-pack-download/,0,0
2020-05-21,/courses/professional-software-development/,0,0
2020-05-21,/about-us/,0,0
2020-05-21,/courses/professional-software-development/,0,0
2020-05-21,/courses/data-analysis/admissions@codeclan.com,0,0
2020-05-21,/courses/professional-software-development/,0,0
2020-05-22,/,2,0
2020-05-22,(entrance),0,0
2020-05-22,/courses/data-analysis/info-pack/,0,1
2020-05-22,/,0,0
2020-05-22,/courses/data-analysis/info-pack/,1,1
2020-05-23,/courses/professional-software-development/,1,0
2020-05-23,(entrance),2,0
2020-05-23,/courses/data-analysis/,0,0
2020-05-23,/courses/data-analysis/info-pack/,1,0
2020-05-23,/campuses/highlands/,0,0
2020-05-24,/events/,0,1
2020-05-24,/,0,1
2020-05-24,/courses/data-analysis/,0,0
2020-05-24,/,0,0
2020-05-24,/courses/data-analysis/thank-you-data-pack-download/,0,0
2020-05-25,/events/,0,0
2020-05-25,/courses/thank-you-for-joining-html-css/,0,0
2020-05-25,/courses/professional-software-development/thank-you-syllabus-download/,1,0
2020-05-25,/courses/professional-software-development/,0,0
2020-05-25,/webinars/?elementor-preview=19875&ver=1589446161,0,0
2020-05-25,/,0,0
2020-05-25,/courses/professional-software-development/,0,0
2020-05-25,/courses/professional-software-development/,0,0
2020-05-26,(entrance),1,0
2020-05-26,/courses/data-analysis/cost-and-funding/,0,0
2020-05-26,/courses/professional-software-development/,1,0
2020-05-26,/courses/professional-software-development/,1,1
2020-05-26,/courses/managing-growth-with-agile/,1,0
2020-05-26,/courses/data-analysis/info-pack/,1,1
2020-05-26,/,0,1
2020-05-26,/courses/data-analysis/info-pack/,0,1
2020-05-26,/courses/professional-software-development/,0,0
2020-05-26,/,0,0
2020-05-27,/courses/professional-software-development/,2,1
2020-05-27,/edinburgh/,1,0
2020-05-27,/courses/data-analysis/info-pack/,0,0
2020-05-27,(entrance),0,0
2020-05-27,(entrance),0,0
2020-05-27,/courses/data-analysis/info-pack/,0,0
2020-05-27,/courses/data-analysis/,0,1
2020-05-27,/coronavirus/,0,0
2020-05-28,/courses/professional-software-development/,0,0
2020-05-28,/,0,0
2020-05-28,/courses/data-analysis/info-pack/,0,0
2020-05-28,(entrance),0,0
2020-05-28,(entrance),0,0
2020-05-28,/courses/professional-software-development/,0,0
2020-05-29,/blog/what-is-javascript-and-why-learn-it/,0,0
2020-05-29,/events/,1,0
2020-05-29,/blog/,0,1
2020-05-29,/enquire/,1,0
2020-05-29,/courses/professional-software-development/,0,0
2020-05-29,/,0,2
2020-05-29,/,0,1
2020-05-29,/courses/professional-software-development/,1,0
2020-05-30,/courses/professional-software-development/,0,0
2020-05-30,/courses/professional-software-development/,0,1
2020-05-30,/about-us/our-team/our-board/,0,0
2020-05-31,/courses/professional-software-development/?ct=t(psdpush)&mc_cid=d5b386e77e&mc_eid=42abc487c2,0,0
2020-05-31,(entrance),0,1
2020-05-31,/,0,0
2020-05-31,(entrance),0,1
2020-05-31,(entrance),1,1
2020-06-01,/courses/data-analysis/info-pack/,0,0
2020-06-01,(entrance),0,0
2020-06-01,(entrance),0,0
2020-06-01,(entrance),0,2
2020-06-01,/courses/data-analysis/,1,1
2020-06-01,(entrance),0,1
2020-06-01,/courses/data-analysis/info-pack/,0,0
2020-06-02,/courses/learn-javascript/,0,0
2020-06-02,/enquire/,0,1
2020-06-02,/courses/data-analysis/info-pack/,0,1
2020-06-02,/data-protection/,0,0
2020-06-02,/courses/data-analysis/info-pack/,0,0
2020-06-02,/,0,1
2020-06-02,/,1,0
2020-06-03,(entrance),0,3
2020-06-03,/courses/managing-data-business-insights/,0,0
2020-06-03,(entrance),0,0
2020-06-03,/courses/professional-software-development/,0,1
2020-06-03,/summer-school-2020/,0,1
2020-06-04,/,0,0
2020-06-04,/courses/data-analysis/info-pack/,0,0
2020-06-04,(entrance),0,0
2020-06-04,/courses/professional-software-development/,0,0
2020-06-04,(entrance),0,3
2020-06-04,(entrance),0,0
2020-06-04,/about-us/,0,1
2020-06-04,/events/,0,0
2020-06-05,(entrance),0,0
2020-06-05,/courses/professional-software-development/?ct=t(psdpush)&mc_cid=d5b386e77e&mc_eid=f70ee81751,1,1
2020-06-05,/courses/data-analysis/info-pack/,0,0
2020-06-05,/courses/data-analysis/info-pack/,0,0
2020-06-06,/courses/professional-software-development/,0,1
2020-06-06,/courses/professional-software-development/,0,0
2020-06-06,(not set),0,0
2020-06-06,/enquire/,0,0
2020-06-06,/,0,1
2020-06-07,(entrance),0,0
2020-06-07,(entrance),0,0
2020-06-07,/enquire/,0,1
2020-06-07,/webinars/?elementor-preview=19875&ver=1589446161,0,0
2020-06-08,(entrance),0,0
2020-06-08,(entrance),2,1
2020-06-08,(entrance),0,0
2020-06-08,/courses/data-analysis/,0,0
2020-06-08,/courses/temp-bespoke-courses-2/,0,1
2020-06-08,/courses/professional-software-development/,0,0
2020-06-08,/courses/professional-software-development/,0,0
2020-06-08,(entrance),1,0
2020-06-09,(entrance),1,0
2020-06-09,/edinburgh/,0,0
2020-06-09,/blog/first-developer-job-advice/,1,0
2020-06-09,/courses/data-courses/,0,1
2020-06-09,/,0,1
2020-06-09,/coronavirus/,0,0
2020-06-09,(entrance),0,0
2020-06-09,/courses/data-analysis/,0,0
2020-06-09,(entrance),0,0
2020-06-09,/,1,0
2020-06-10,/,0,3
2020-06-10,/blog/our-guide-to-funding-our-full-time-courses/,0,0
2020-06-10,(entrance),1,0
2020-06-10,/courses/professional-software-development/apply/,0,0
2020-06-10,/Glasgow/,1,0
2020-06-10,/courses/managing-growth-with-agile/?ct=t(short+courses+uk)&mc_cid=9e22d3be4a&mc_eid=[UNIQID],0,0
2020-06-11,/courses/data-analysis/,0,1
2020-06-11,/glasgow/,0,0
2020-06-11,/webinars/,0,0
2020-06-11,/events/,0,1
2020-06-11,/courses/,0,0
2020-06-11,/courses/professional-software-development/,0,0
2020-06-11,/courses/professional-software-development/,1,0
2020-06-11,/courses/data-analysis/info-pack/,0,0
2020-06-12,/courses/professional-software-development/,0,0
2020-06-12,/data-protection/,1,0
2020-06-12,/data-protection/,0,0
2020-06-13,(entrance),0,0
2020-06-13,/courses/professional-software-development/,0,0
2020-06-13,/courses/data-courses/,0,0
2020-06-14,/courses/data-analysis/info-pack/,0,0
2020-06-14,/edinburgh/,0,0
2020-06-14,/courses/professional-software-development/,0,0
2020-06-14,/courses/professional-software-development/,0,0
2020-06-14,/,0,0
2020-06-15,(entrance),1,0
2020-06-15,/courses/professional-software-development/,0,0
2020-06-15,(entrance),0,0
2020-06-15,/courses/professional-software-development/,0,1
2020-06-16,/funding/,0,0
2020-06-16,/courses/data-analysis/info-pack/,0,0
2020-06-16,/courses/professional-software-development/,0,0
2020-06-16,/courses/professional-software-development/curriculum/,0,0
2020-06-16,/webinars/,0,2
2020-06-17,/,0,0
2020-06-17,(entrance),0,0
2020-06-17,/,0,0
2020-06-17,/,0,0
2020-06-18,/courses/professional-software-development/?fbclid=IwAR3ENef8LWqZorhIArYdaNQTjpOT10d3LW93ZopI3QoPDdwxkDl58zFuN6o,0,0
2020-06-18,/courses/professional-software-development/,1,0
2020-06-18,(entrance),0,0
2020-06-19,(entrance),0,0
2020-06-19,/courses/data-analysis/,0,1
2020-06-19,/courses/data-analysis/info-pack/,0,1
2020-06-20,/,0,1
2020-06-20,(entrance),0,1
2020-06-20,/courses/data-analysis/info-pack/,0,1
2020-06-20,/courses/professional-software-development/,0,0
2020-06-21,/courses/edaid-apply/,0,0
2020-06-21,/enquire/,0,0
2020-06-21,/courses/data-analysis/info-pack/,0,0
2020-06-21,/courses/data-analysis/info-pack/,0,0
2020-06-22,/coronavirus/,0,3
2020-06-22,/courses/data-analysis/info-pack/,1,0
2020-06-22,/courses/data-analysis/,2,0
2020-06-22,/courses/temp-bespoke-courses-2/,0,0
2020-06-22,/events/,0,0
2020-06-22,/events/,0,0
2020-06-22,/courses/thank-you-learn-javascript/,0,0
2020-06-23,/blog/,0,0
2020-06-23,/courses/data-analysis/,1,0
2020-06-23,/courses/professional-software-development/,0,1
2020-06-23,/courses/,1,0
2020-06-23,/glasgow/,0,0
2020-06-24,/courses/professional-software-development/,0,0
2020-06-24,/courses/professional-software-development/,0,0
2020-06-24,/courses/data-analysis/apply/,0,0
2020-06-24,(entrance),0,0
2020-06-24,/,0,0
2020-06-25,/courses/,0,0
2020-06-25,/events/,1,0
2020-06-25,/,0,0
2020-06-25,/courses/data-analysis/info-pack/,1,2
2020-06-26,/courses/managing-data-business-insights/?ct=t(short+courses+uk_COPY_01)&mc_cid=40897d9e96&mc_eid=[UNIQID],0,0
2020-06-26,/data-protection/,0,1
2020-06-26,/courses/professional-software-development/,0,1
2020-06-26,/courses/professional-software-development/,1,1
2020-06-26,/courses/data-analysis/info-pack/,0,1
2020-06-27,/courses/professional-software-development/,1,1
2020-06-27,/,0,0
2020-06-27,/courses/professional-software-development/,0,0
2020-06-27,/courses/professional-software-development/,0,1
2020-06-27,/courses/professional-software-development/,0,1
2020-06-28,(not set),0,1
2020-06-28,(entrance),0,0
2020-06-28,/,0,2
2020-06-28,/about-us/,0,1
2020-06-29,(entrance),0,1
2020-06-29,/courses/professional-software-development/,0,0
2020-06-29,/coronavirus/,0,0
2020-06-29,/courses/data-analysis/info-pack/,0,0
2020-06-29,/,1,0
2020-06-29,/courses/thank-you-learn-javascript/,0,0
2020-06-30,/,0,1
2020-06-30,(entrance),0,0
2020-06-30,/courses/data-analysis/,0,0
2020-06-30,(entrance),0,0
2020-06-30,/courses/professional-software-development/,0,0
2020-06-30,/,0,2
2020-06-30,/courses/data-analysis/info-pack/,0,1
2020-06-30,/edinburgh/,0,0
2020-06-30,/,0,2
2020-07-01,/edinburgh/,0,0
2020-07-01,/about-us/join-us/,0,0
2020-07-01,/Glasgow/,2,0
2020-07-01,/about-us/,1,0
2020-07-01,(entrance),0,0
2020-07-01,(entrance),0,0
2020-07-01,(entrance),0,1
2020-07-01,(not set),0,1
2020-07-01,/courses/data-analysis/info-pack/,0,0
2020-07-01,(entrance),1,0
2020-07-02,(entrance),0,1
2020-07-02,/events/,0,1
2020-07-02,(entrance),0,0
2020-07-02,(not set),0,0
2020-07-02,/courses/professional-software-development/,0,0
2020-07-03,/courses/professional-software-development/,2,1
2020-07-03,/,0,0
2020-07-03,/courses/professional-software-development/,0,0
2020-07-03,/courses/data-analysis/info-pack/,0,0
2020-07-03,/coronavirus/,0,0
2020-07-03,/courses/data-analysis/info-pack/,0,0
2020-07-04,/courses/data-analysis/,0,0
2020-07-04,/,0,0
2020-07-04,/courses/professional-software-development/,0,0
2020-07-04,(entrance),1,0
2020-07-05,/courses/professional-software-development/,1,0
2020-07-05,(entrance),0,0
2020-07-05,(entrance),0,1
2020-07-06,/courses/data-analysis/,0,0
2020-07-06,/enquire/,0,0
2020-07-06,(entrance),0,0
2020-07-06,(entrance),1,1
2020-07-06,/courses/data-analysis/info-pack/,0,1
2020-07-07,/,0,0
2020-07-07,/courses/professional-software-development/,0,0
2020-07-07,/courses/professional-software-development/,0,1
2020-07-07,/courses/data-analysis/,0,0
2020-07-08,/courses/data-analysis/,0,0
2020-07-08,/courses/data-analysis/info-pack/,0,0
2020-07-08,/,1,0
2020-07-08,(entrance),1,1
2020-07-09,/for-employers/,0,0
2020-07-09,(entrance),1,0
2020-07-09,/courses/professional-software-development/,0,0
2020-07-09,/coronavirus/,0,0
2020-07-10,(not set),0,0
2020-07-10,/blog/7-reasons-to-study-data-analysis-at-codeclan/,1,0
2020-07-10,/courses/professional-software-development/apply/,0,0
2020-07-10,(entrance),0,1
2020-07-10,/enquire/,0,0
2020-07-10,/,0,1
2020-07-10,/campuses/highlands/,0,2
2020-07-11,(entrance),0,0
2020-07-12,/the-codeclan-experience/the-alumni/,0,0
2020-07-12,(entrance),0,1
2020-07-13,/courses/professional-software-development/,1,0
2020-07-13,/courses/data-analysis/,3,0
2020-07-13,/,0,0
2020-07-13,/,1,0
2020-07-13,/courses/professional-software-development/,0,0
2020-07-13,/courses/data-analysis/info-pack/,0,1
2020-07-13,(not set),0,0
2020-07-13,(not set),0,0
2020-07-14,/,1,0
2020-07-14,/courses/data-analysis/info-pack/,0,0
2020-07-14,/courses/,0,0
2020-07-14,/courses/professional-software-development/,0,1
2020-07-14,/webinars/,0,0
2020-07-14,/blog/took-back-control-coding/,0,0
2020-07-14,/courses/professional-software-development/,0,0
2020-07-14,(entrance),0,0
2020-07-15,/,0,1
2020-07-15,(entrance),0,3
2020-07-15,/,1,0
2020-07-15,/courses/professional-software-development/apply/,0,1
2020-07-15,/coronavirus/,0,0
2020-07-15,/courses/data-analysis/,0,1
2020-07-16,/courses/professional-software-development/,0,0
2020-07-16,/courses/professional-software-development/,1,0
2020-07-16,(entrance),1,0
2020-07-16,/courses/data-courses/,0,0
2020-07-16,/,0,0
2020-07-16,/blog/first-developer-job-advice/,1,0
2020-07-16,/enquire/,0,0
2020-07-17,/,0,1
2020-07-17,/funding/,0,1
2020-07-17,/courses/professional-software-development/,1,0
2020-07-17,/,0,0
2020-07-17,/blog/,0,0
2020-07-18,(entrance),0,0
2020-07-18,/,1,1
2020-07-18,/courses/professional-software-development/,0,0
2020-07-19,/,0,0
2020-07-19,/courses/data-analysis/info-pack/,0,1
2020-07-19,/courses/professional-software-development/,1,0
2020-07-20,(entrance),0,0
2020-07-20,/,0,1
2020-07-20,(entrance),0,0
2020-07-20,/courses/professional-software-development/,1,1
2020-07-21,/,0,0
2020-07-21,/coronavirus/,0,0
2020-07-21,/,0,0
2020-07-21,/courses/data-analysis/apply/,0,0
2020-07-21,/,0,0
2020-07-21,/campuses/,1,0
2020-07-22,(entrance),0,0
2020-07-22,/glasgow/,0,1
2020-07-22,(entrance),0,0
2020-07-22,(entrance),0,0
2020-07-22,/courses/data-analysis/info-pack/,0,1
2020-07-23,/courses/professional-software-development/,0,0
2020-07-23,(entrance),0,0
2020-07-23,/courses/professional-software-development/apply/,0,0
2020-07-23,(entrance),0,0
2020-07-24,(entrance),1,0
2020-07-24,/courses/data-analysis/info-pack/,0,0
2020-07-24,/courses/data-analysis/info-pack/,0,1
2020-07-25,/courses/data-analysis/info-pack/,0,0
2020-07-26,(not set),2,1
2020-07-26,/,2,1
2020-07-26,/courses/professional-software-development/,1,1
2020-07-26,/,0,3
2020-07-26,/courses/professional-software-development/,0,2
2020-07-26,/courses/professional-software-development/,0,1
2020-07-27,/courses/data-analysis/info-pack/,0,2
2020-07-27,/courses/data-analysis/,1,0
2020-07-27,(entrance),0,3
2020-07-27,(entrance),0,0
2020-07-27,/courses/data-analysis/info-pack/,0,1
2020-07-27,(not set),2,0
2020-07-27,(entrance),0,1
2020-07-28,/for-employers/,1,0
2020-07-28,(entrance),0,0
2020-07-28,/courses/professional-software-development/,0,0
2020-07-28,/funding/,0,0
2020-07-28,(entrance),0,0
2020-07-28,(entrance),1,0
2020-07-28,/courses/professional-software-development/,0,0
2020-07-29,(entrance),0,2
2020-07-29,/courses/data-analysis/info-pack/,0,2
2020-07-29,/,0,0
2020-07-29,/,0,0
2020-07-29,(entrance),0,0
2020-07-29,/courses/data-analysis/,0,0
2020-07-29,/glasgow/,0,0
2020-07-30,(entrance),0,0
2020-07-30,/blog/took-back-control-coding/,0,1
2020-07-30,/glasgow/,0,1
2020-07-30,(entrance),0,0
2020-07-31,/courses/data-analysis/info-pack/,0,1
2020-07-31,(entrance),0,0
2020-07-31,/courses/data-analysis/info-pack/,0,1
2020-08-01,/courses/professional-software-development/,0,1
2020-08-01,(entrance),0,0
2020-08-02,/enquire/,0,0
2020-08-02,(entrance),0,1
2020-08-02,(entrance),0,0
2020-08-02,(entrance),1,0
2020-08-03,/funding/,0,0
2020-08-03,/pre-course-work/,0,0
2020-08-03,/,0,0
2020-08-03,/courses/,0,0
2020-08-03,/courses/data-analysis/thank-you-data-pack-download/,0,0
2020-08-04,(entrance),1,0
2020-08-04,/,0,0
2020-08-04,/events/?elementor-preview=19875&ver=1593788354,1,0
2020-08-04,/courses/data-analysis/info-pack/,0,0
2020-08-05,/funding/,2,0
2020-08-05,/,0,0
2020-08-05,/,0,0
2020-08-05,/courses/professional-software-development/,0,0
2020-08-05,/,0,0
2020-08-05,/courses/data-analysis/info-pack/,1,1
2020-08-05,(entrance),0,0
2020-08-06,/,0,1
2020-08-06,/courses/data-analysis/info-pack/,0,0
2020-08-06,/courses/professional-software-development/,0,0
2020-08-06,/courses/professional-software-development/,0,0
2020-08-07,/courses/managing-data-business-insights/,0,2
2020-08-07,(entrance),0,0
2020-08-07,/courses/data-analysis/info-pack/,0,0
2020-08-08,/,0,0
2020-08-08,/Glasgow/,1,0
2020-08-08,/courses/professional-software-development/,0,0
2020-08-09,(entrance),0,0
2020-08-09,/courses/data-analysis/info-pack/,0,1
2020-08-10,/,0,0
2020-08-10,/,1,0
2020-08-10,(not set),0,0
2020-08-10,/courses/professional-software-development/,0,2
2020-08-10,/,1,0
2020-08-10,/courses/data-analysis/info-pack/,0,0
2020-08-11,/courses/professional-software-development/,0,0
2020-08-11,/glasgow/,0,0
2020-08-11,/courses/data-analysis/apply/,0,0
2020-08-12,/courses/professional-software-development/,0,1
2020-08-12,(entrance),0,0
2020-08-12,/,0,0
2020-08-13,/courses/data-analysis/info-pack/,2,0
2020-08-13,(entrance),0,0
2020-08-13,/courses/professional-software-development/,0,0
2020-08-13,(entrance),0,0
2020-08-13,/blog/took-back-control-coding/,0,0
2020-08-14,/about-us/join-us/,1,0
2020-08-14,/courses/learn-javascript/,1,0
2020-08-14,/courses/data-analysis/info-pack/,0,0
2020-08-14,/courses/data-analysis/info-pack/,0,0
2020-08-15,(entrance),0,1
2020-08-15,/courses/data-analysis/apply/,1,0
2020-08-16,/courses/professional-software-development/,0,0
2020-08-16,/courses/data-analysis/info-pack/,0,0
2020-08-16,/courses/data-analysis/info-pack/,0,0
2020-08-16,/courses/data-analysis/info-pack/,0,0
2020-08-16,/webinars/,1,0
2020-08-17,/about-us/our-team/our-board/,0,0
2020-08-17,/courses/data-analysis/info-pack/,0,0
2020-08-18,/courses/professional-software-development/?ct=t(psdpush)&mc_cid=d5b386e77e&mc_eid=7476b3a0cd,0,1
2020-08-18,/,0,1
2020-08-18,/courses/data-analysis/thank-you-data-pack-download/,0,0
